<?xml version="1.0" encoding="UTF-8"?>
<c3p0-config>
	<!-- 这是默认配置信息 -->
	<default-config>
		<!-- 连接四大参数配置 -->
		<property name="jdbcUrl">jdbc:mysql://localhost:3306/xxs</property>
		<property name="driverClass">com.mysql.jdbc.Driver</property>
		<property name="user">root</property>
		<property name="password">root</property>
		<!-- 池参数配置 -->
		<property name="acquireIncrement">3</property>
		<property name="initialPoolSize">10</property>
		<property name="minPoolSize">2</property>
		<property name="maxPoolSize">10</property>
	</default-config>
</c3p0-config>